codigo_postal,localidad
1601,ISLA MARTIN GARCIA
1602,FLORIDA
1603,VILLA MARTELLI
1605,CARAPACHAY
1607,VILLA ADELINA
1609,BOULOGNE
1611,DON TORCUATO
1612,INGENIERO ADOLFO SOURDEAUX
1613,LOS POLVORINES
1614,VILLA DE MAYO
1615,GRAND BOURG
1617,EL TALAR
1618,RICARDO ROJAS
1619,GARIN
1621,BENAVIDEZ
1623,BARRIO GARIN NORTE
1625,ARROYO CANELON
1627,MATHEU
1629,ALMIRANTE IRIZAR
1631,VILLA ROSA
1633,EMPALME
1635,KILOMETRO 45
1636,LA LUCILA
1638,VICENTE LOPEZ
1640,ACASSUSO
1642,SAN ISIDRO
1643,BECCAR
1644,VICTORIA
1646,SAN FERNANDO
1647,ZONA DELTA SAN FERNANDO
1648,RINCON DE MILBERG
1649,ZONA DELTA TIGRE
1650,GENERAL SAN MARTIN
1651,SAN ANDRES
1653,VILLA BALLESTER
1655,JOSE LEON SUAREZ
1657,11 DE SEPTIEMBRE
1659,CAMPO DE MAYO
1661,BELLA VISTA
1663,MUÑIZ
1664,TRUJUI
1665,JOSE CLEMENTE PAZ
1667,MANUEL ALBERTI
1669,DEL VISO
1670,NORDELTA
1672,VILLA LYNCH
1674,VILLA RAFFO
1676,SANTOS LUGARES
1678,CASEROS
1682,MARTIN CORONADO
1684,CIUDAD JARDIN DEL PALOMAR
1686,HURLINGHAM
1688,VILLA SANTOS TESEI
1702,CIUDADELA
1704,RAMOS MEJIA
1706,HAEDO
1708,MORON
1712,CASTELAR
1713,BARRIO PARQUE LELOIR
1714,ITUZAINGO
1716,LIBERTAD
1718,SAN ANTONIO DE PADUA
1722,MERLO
1723,MARIANO ACOSTA
1727,B LOS AROMOS SAN PATRICIO
1731,VILLARS
1733,PLOMER
1735,EL DURAZNO
1737,KILOMETRO 77
1739,GENERAL HORNOS
1741,ENRIQUE FYNN
1742,PASO DEL REY
1744,CUARTEL V
1746,FRANCISCO ALVAREZ
1748,GENERAL RODRIGUEZ
1752,LOMAS DEL MIRADOR
1754,SAN JUSTO
1755,RAFAEL CASTILLO
1757,GREGORIO DE LAFERRERE
1759,GONZALEZ CATAN
1761,20 DE JUNIO
1763,VIRREY DEL PINO
1765,ISIDRO CASANOVA
1766,TABLADA
1768,CIUDAD MADERO
1770,ALDO BONZI
1771,MERCADO CENTRAL
1774,LA SALADA
1776,9 DE ABRIL
1778,CIUDAD EVITA
1802,AEROPUERTO EZEIZA
1804,CANNING
1806,TRISTAN SUAREZ
1808,ALEJANDRO PETION
1812,CARLOS SPEGAZZINI
1814,BARRIO 1 DE MAYO
1815,ESCUELA AGRICOLA DON BOSCO
1816,COLONIA SANTA ROSA
1822,VALENTIN ALSINA
1824,GERLI
1825,MONTE CHINGOLO
1826,REMEDIOS DE ESCALADA
1828,BANFIELD
1832,LOMAS DE ZAMORA
1834,TEMPERLEY
1836,LLAVALLOL
1838,LUIS GUILLON
1842,EL JAGUEL
1846,ADROGUE
1847,RAFAEL CALZADA
1849,CLAYPOLE
1852,BURZACO
1854,LONGCHAMPS
1856,GLEW
1858,VILLA NUMANCIA
1862,AMERICA UNIDA
1864,ALEJANDRO KORN
1865,EL PAMPERO
1870,AVELLANEDA
1871,DOCK SUD
1872,SARANDI
1874,VILLA DOMINICO
1875,WILDE
1876,BERNAL ESTE
1878,QUILMES
1879,QUILMES OESTE
1881,SAN FRANCISCO SOLANO
1882,EZPELETA ESTE
1884,BERAZATEGUI
1885,GUILLERMO E HUDSON
1886,RANELAGH
1888,FLORENCIO VARELA
1889,BOSQUES
1890,JUAN MARIA GUTIERREZ
1891,INGENIERO ALLAN
1893,CENTRO AGRICOLA EL PATO
1894,JUAN VUCETICH EX DR R LEVENE
1895,ARTURO SEGUI
1896,CAMINO CENTENARIO KM 11500
1897,MANUEL B GONNET
1900,LA PLATA
1901,ESTACION MORENO
1903,ABASTO
1905,JOSE FERRARI
1907,EL PINO
1909,ARANA
1911,BME BAVIO GRAL MANSILLA
1913,ATALAYA
1915,ARBUCO
1917,LUIS CHICO
1919,BASE AERONAVAL PUNTA INDIO
1921,ALVAREZ JONTE
1923,ARROYO DEL PESCADO
1925,DESTILERIA FISCAL
1927,ESC NAV MILITAR RIO SANT
1929,BASE NAVAL RIO SANTIAGO
1931,PUNTA LARA
1980,BARRIO LA DOLLY
1981,DESVIO KILOMETRO 55
1983,GOMEZ
1984,DOMSELAAR
1986,ALTAMIRANO
1987,ALEGRE
2000,VILLA ANGELICA
2101,ALBARELLOS
2103,COLONIA ESCRIBANO
2105,CAÑADA RICA
2107,ALVAREZ
2109,ACEBAL
2111,FRANCISCO PAZ
2113,PEYRANO
2115,COLONIA VALDEZ
2117,ALCORTA
2119,ARMINDA
2121,PEREZ
2123,CAMPO CALVO
2124,22 DE MAYO
2126,ALVEAR
2128,ARROYO SECO
2132,AERO CLUB ROSARIO
2134,ROLDAN
2136,SAN GERONIMO
2138,CARCARAÑA
2142,CAMPO MEDINA
2144,CAMPO HORQUESCO
2146,CLASON
2147,SAN GENARO NORTE
2148,CAMPO CASTRO
2152,GRANADERO BAIGORRIA
2154,CAPITAN BERMUDEZ
2156,ARSENAL DE GUERRA SAN LORENZO
2170,CANDELARIA SUD
2173,CAMPO PESOA
2175,BARLETT
2177,BIGAND
2179,BOMBAL
2181,LOS MOLINOS
2183,AREQUITO
2185,CAMPO CRENNA
2187,ARTEAGA
2200,LAS QUINTAS
2201,RICARDONE
2202,CERANA
2204,JESUS MARIA
2206,CAMPO PALETTA
2208,GABOTO
2212,CAMPO GALLOSO
2214,ALDAO
2216,CAMPO RAFFO
2218,CARRIZALES
2222,DIAZ
2240,CAMPO GARCIA
2241,LARRECHEA
2242,ARIJON
2246,BARRANCAS
2248,BERNARDO DE IRIGOYEN
2252,COLONIA CAMPO PIAGGIO
2253,CAMPO GIMENEZ
2255,CAMPO RODRIGUEZ
2257,COLONIA BELGRANO
2258,CAMPO QUIÑONES
2300,COLONIA BELLA ITALIA
2301,BELLA ITALIA
2303,ANGELICA
2305,LEHMANN
2307,ATALIVA
2309,COLONIA REINA MARGARITA
2311,ADOLFO ALSINA
2313,COLONIA BERLIN
2315,ESTACION SAGUIER
2317,CASABLANCA
2318,AURELIA
2322,CABAÑA EL CISNE
2324,COLONIA TACURALES
2326,BEALISTOCK
2340,CERES
2341,COLONIA MONTEFIORE
2342,CAMPO EL MATACO
2344,ACHAVAL RODRIGUEZ
2345,CAMPO BOTTO
2347,COLONIA MACKINLAY
2349,COLONIA DOS ROSAS Y LA LEGUA
2352,AMBROSETTI
2400,VILLANI
2401,CASTELAR
2403,BAUER Y SIGEL
2405,COLONIA CELLO
2407,CAMPO CLUCELLAS
2409,ESTRADA
2415,DESVIO BOERO
2438,FRONTERA
2440,BARRIO BELGRANO ORTIZ
2441,CRISPI
2443,COLONIA MARGARITA
2445,CRISTOLIA
2447,LOS SEMBRADOS
2449,AVENA
2451,COLONIA LA YERBA
2453,CARLOS PELLEGRINI
2454,CAÑADA ROSQUIN
2456,ESMERALDA
2500,CAÑADA DE GOMEZ
2501,BERRETTA
2503,VILLA ELOISA
2505,CAMPO LA RIVIERE
2506,CORREA
2508,ARMSTRONG
2512,CAMPO CHARO
2520,LA CALIFORNIA
2521,ITURRASPE
2523,BOUQUET
2527,COLONIA SAN FRANCISCO
2529,PIAMONTE
2531,LANDETA
2533,LOS CARDOS
2535,EL TREBOL
2600,BOCA P 25
2601,LA CHISPA
2603,CHAPUY
2605,OTTO BEMBERG
2607,CAMPO QUIRNO
2609,COLONIA MORGAN
2611,ESTACION CHRISTOPHERSEN
2613,LA MOROCHA
2615,LA GAMA
2617,SANCTI SPIRITU
2618,CARMEN
2622,MAGGIOLO
2630,FIRMAT
2631,CORA
2633,CHOVET
2635,CAÑADA DEL UCLE
2637,COLONIA HANSEN
2639,BERABEVU
2643,CAFFERATA
2700,BARRIO TROCHA
2701,12 DE AGOSTO
2703,CABO SAN FERMIN
2705,HARAS SAN JACINTO
2707,4 DE NOVIEMBRE
2709,LOS INDIOS
2711,ALMACEN PIATTI
2713,MANUEL OCAMPO
2715,EL SOCORRO
2717,ACEVEDO
2718,LIERRA ADJEMIRO
2720,COLON
2721,EL ARBOLITO
2722,WHEELWRIGHT
2723,ESTANCIA LAS GAMAS
2725,HUGHES
2726,LABORDEBOY
2728,MELINCUE
2729,CARRERAS
2732,4 DE FEBRERO
2740,ALMACEN LA COLINA
2741,EL RETIRO
2743,ARROYO DULCE
2745,GAHAN
2747,CORONEL ISLEÑOS
2751,ALMACEN CASTRO
2752,ALMACEN EL DESCANSO
2754,CAMPO CRISOL
2760,COLONIA LOS TRES USARIS
2761,ESTANCIA SANTA CATALINA
2763,FLAMENCO
2764,CAMPO LA NENA
2800,ARROYO AGUILA NEGRA
2801,ALTO VERDE
2802,LOMAS DEL RIO LUJAN
2804,CAMPANA
2805,ARROYO ALELI
2806,LAS PALMAS
2808,ATUCHA
2812,CAPILLA DEL SEÑOR
2813,ARROYO DE LA CRUZ
2814,ALTO LOS CARDALES
2820,COLONIA EL POTRERO
2821,ARROYO DEL CURA
2823,AERO CLUB CANAL
2824,BRITOS
2826,ALDEA SAN ANTONIO
2828,COLONIA NUEVA MONTEVIDEO
2840,ALBARDON
2841,ALDEA ASUNCION
2843,GENERAL GALARZA
2845,COLONIA DUPORTAL
2846,ANAHI
2848,BERISSO
2852,ALARCON
2854,DOS HERMANAS
2900,SAN NICOLAS DE LOS ARROYOS
2903,EREZCANO
2905,GENERAL ROJO
2907,GENERAL CONESA
2909,ESTANCIAS
2912,LA QUERENCIA
2914,COSTA BRAVA
2915,AGUIRREZABALA
2916,EL JUPITER
2918,EMPALME VILLA CONSTITUCION
2919,COPACABANA
2921,GODOY
2930,LA BUANA MOZA
2931,ISLA LOS LAURELES
2933,COLONIA VELEZ
2935,ALGARROBO
2938,ALSINA
2942,BARADERO
2943,IRENEO PORTELA
2944,RIO TALA
2946,EL ESPINILLO
3000,BARRANQUITAS
3001,ALTO VERDE
3003,COLONIA LOS ZAPALLOS
3005,COLONIA CALIFORNIA
3007,EMPALME SAN CARLOS
3009,EL TROPEZON
3011,CAMPO MAGNIN
3013,COLONIA MATILDE
3014,ANGEL GALLARDO
3016,SAN JOSE
3017,BAJO LAS TUNAS
3018,CANDIOTI
3020,CAMPO SANTO DOMINGO
3021,CAMPO ANDINO
3023,CULULU
3025,COLONIA CLARA
3027,LA PELADA
3029,COLONIA ADOLFO ALSINA
3032,NELSON
3036,AROMOS
3038,CAYASTACITO
3040,ASUNCION MARIA
3041,CACIQUE ARIACAIQUIN
3042,ABIPONES
3044,GOBERNADOR CRESPO
3045,CAMPO ZAVALLA
3046,ARRASCAETA
3048,ANGELONI
3050,CALCHAQUI
3051,ALEJANDRA
3052,CAÑADITA
3054,COLONIA LA NEGRA
3056,CAMPO COUBERT
3057,ESTANCIA LAS GAMAS
3060,CAMPO SAN JOSE
3061,ANTONIO PINI
3066,CAMPO GARAY
3070,DHO
3071,AGUARA GRANDE
3072,LA LUCILA
3074,COLONIA EL SIMBOL
3076,HUANQUEROS
3080,COLONIA PUJOL
3081,CAVOUR
3083,GRUTLY
3085,PILAR
3087,FELICIA
3100,AVENIDA EJERCITO PARANA
3101,ALDEA BRASILERA
3103,ALDEA SANTAFECINA
3105,DIAMANTE
3107,COLONIA AVELLANEDA
3109,COLONIA CENTENARIO
3111,ALMACEN CRISTIAN SCHUBERT
3112,COLONIA LOMA NEGRA
3113,COLONIA CELINA
3114,ALDEA MARIA LUISA
3116,ALDEA CHALECO
3117,ALDEA SAN ANTONIO
3118,CENTRO COMUNITARIO CNIA NUE
3122,ARROYO CORRALITO
3123,ALDEA SANTA MARIA
3125,ANTONIO TOMAS
3127,ALCETE
3128,COLONIA BERRO
3129,COLONIA HERNANDARIAS
3132,EL PINGO
3133,ARROYO BURGOS
3134,ANTONIO TOMAS SUD
3136,ALCARAZ NORTE
3137,ALCARAZ SUD
3138,ALCARAZ 2DO
3142,ALCARACITO
3144,ALCARAZ 1RO
3150,ALGARROBITOS 1RO
3151,ANTELO
3153,KILMETRO 165
3155,COSTA DEL NOGOYA
3156,BETBEDER
3158,20 DE SEPTIEMBRE
3162,ARANGUREN
3164,COLONIA RIVAS
3170,ALBERTO GERCHUNOFF
3172,KILOMETRO 208
3174,ALTAMIRANO SUD
3176,ESTACION SOLA
3177,ALTAMIRANO NORTE
3180,DIEGO LOPEZ
3181,ARROYO MOREIRA
3183,ALBARIÑO
3185,COLONIA LA MARTA
3187,ATENCIO
3188,COLONIA FALCO
3190,ARROYO HONDO
3191,ARROYO CEIBO
3192,COLONIA BERTOZZI
3194,PASO TELEGRAFO
3196,ARROYO VEGA
3197,ABRA GUAZU
3199,LOS LAURELES
3200,COLONIA LOS SAUCES
3201,CAMBA PASO
3203,ARROYO GRANDE
3204,AYUI PARADA
3206,BELLA UNION PARAJE
3208,COLONIA ENSANCHE SAUCE
3212,ARROYO EL MOCHO
3214,ESTACION YERUA
3216,ARROYO HONDO
3218,ARROYO PALMAR
3220,ARROYO MANGANGA
3222,BUEN RETIRO
3224,LA BLANQUEADA
3226,BUENA VISTA
3228,CABI MONDA
3229,COLONIA FREITAS
3230,ARBOL SOLO
3231,COLONIA AROCENA INA
3232,CABRED
3234,BONPLAND
3240,COLONIA EGIDO
3241,CAMPO DE VILLAMIL
3244,COLONIA BELGA AMERICANA
3246,ACHIRAS
3248,CARAGUATA
3252,ALDEA SAN JORGE
3254,COLONIA LA BLANQUITA
3260,ARROYO MOLINO
3261,CENTELLA
3262,CASEROS
3263,1 DE MAYO
3265,ARROYO CARABALLO
3267,CAÑADA DE LAS OVEJAS
3269,ARROYO BARU
3272,COLONIA 1 DE MAYO
3280,ARROYO URQUIZA
3281,CALERA
3283,COLONIA MABRAGAÑA
3285,BERDUC
3287,ALDEA SAN GREGORIO
3300,ARROYO
3302,AGUARA CUA
3304,BARRIO DON SANTIAGO
3306,CENTINELA
3308,CANDELARIA
3309,ARROYO TOMAS
3311,ARROYO ISABEL
3313,ARROYO DEL MEDIO
3315,CAA YARI
3316,ARROYO PASTORA
3317,ARROYO MAGDALENA
3318,BONPLAND NORTE
3322,APARICIO CUE
3324,GOBERNADOR ROCA
3326,COLONIA LEIVA
3327,COLONIA ROCA
3328,COLONIA JAPONESA
3332,CAPIOVI
3334,3 DE MAYO
3337,ADOLFO J POMAR
3338,17 DE AGOSTO
3340,BOQUERON
3342,AGUAPEY
3344,2 DE JULIO
3346,BACACAY
3350,APOSTOLES
3351,AZARA
3353,ARROYO SANTA MARIA
3355,ARRECHEA
3357,BARRA BONITA
3358,CHEROGUITA
3360,ARROYO FEDOR
3361,ACARAGUA
3362,1 DE MAYO
3363,25 DE MAYO
3364,2 DE MAYO
3366,ALMIRANTE BROWN
3370,PLANCHADA BANDERITA
3371,CABURE
3372,CATARATAS DEL IGUAZU
3374,EL PORVENIR
3376,GOBERNADOR LANUSSE
3378,22 DE DICIEMBRE
3380,9 DE JULIO KILOMETRO 20
3381,MARIA MAGDALENA
3382,COLONIA CUNCI
3384,BARRANCON
3386,CARAGUATAY
3400,BAÑADO NORTE
3401,ARROYO PELON
3403,AGUIRRE CUE
3405,ALGARROBAL PUISOYE
3407,AGUAY
3409,ARROYO SAN JUAN
3412,ALBARDON
3414,ABRA
3416,ARROYO CEIBAL
3418,BARTOLOME MITRE
3420,ACUÑA CUE
3421,BAJO GUAZU
3423,ARAÑITA
3425,COSTA GRANDE
3427,ABRA
3428,ESTACION SALADAS
3432,BELLA VISTA
3433,CARRIZAL NORTE
3440,BARRIO VILLA CORDOBA
3441,ALGARROBO
3443,COLONIA MENDEZ BAR
3445,9 DE JULIO
3446,KILOMETRO 374
3448,ALAMO
3449,BOLICHE LATA
3450,8 DE DICIEMBRE
3451,BATELITO
3453,IFRAN
3454,BAÑADO SAN ANTONIO
3460,ARROYO CASTILLO
3461,ABO NEZU
3463,ARISTIA
3465,ARROYO CASCO
3466,ABALO
3470,ARROYO GRANDE
3471,ALEN CUE
3472,CAAGUAZU
3474,CHAVARRIA
3476,EL REMANSO
3480,ALGARROBAL
3481,ANGOSTURA
3483,ARROYO BALMACEDA
3485,CARANDAITI
3486,VILLA OLIVARI
3487,PUESTO DE ISLA
3500,COLONIA FLORENCIA
3501,CAMPO DE GALNASI
3503,BARRANQUERAS
3505,ARROYO QUINTANA
3507,LA EDUVIGIS
3509,CAMPO EL BERMEJO
3511,COLONIA CORONEL DORREGO
3513,ARBOL SOLO
3514,CACUI
3515,CAPITAN SOLARI
3516,BASAIL
3518,CABRAL CUE
3522,EL RETIRO
3524,EL CAMPAMENTO
3526,GANDOLFI
3530,ALDEA FORESTAL
3531,COLONIA ABORIGEN
3532,CURANDU
3534,COLONIA EL AGUARA
3536,BOCAS
3540,AVANZADA
3541,CAMPO LAS PUERTAS
3543,COLONIA LOTE 12
3545,KILOMETRO 525
3550,ALLENDE
3551,CAMPO MONTE LA VIRUELA
3553,COLONIA DURAN
3555,CAMPO HUBER
3557,CARAGUATAY
3560,CAMPO UBAJO
3561,AVELLANEDA
3563,COLONIA SAN MANUEL
3565,ARROYO DEL REY
3567,DEST AERONAUTICO MILIT RECONQU
3569,BARROS PAZOS
3572,CAMPO GARABATO
3574,CAPILLA GUADALUPE NORTE
3575,ARROYO CEIBAL
3580,KILOMETRO 408
3581,CAMPO REDONDO
3583,ISLA TIGRE
3585,EL SOMBRERITO
3586,CAMPO YAGUARETE
3587,SAN ANTONIO DE OBLIGADO
3589,KILOMETRO 23
3592,COLONIA HARDY
3620,KILOMETRO 184
3621,POZO NAVAGAN
3641,ARROYO SECO
3700,BARRIO GRAL JOSE DE SAN MARTIN
3701,ALMIRANTE BROWN
3703,ALELOY
3705,10 DE MAYO
3706,AVIA TERAI
3708,CONCEPCION DEL BERMEJO
3712,LOS FRENTONES
3714,9 DE JULIO
3716,CAMPO LARGO
3718,AMAMBAY
3722,2 DE MAYO
3730,CABRAL
3731,MESON DE FIERRO
3732,COLONIA ABATE
3733,CAMPO EL JACARANDA
3734,CAMPO MORENO
4000,ESTACION DE ZOOTECNIA B
4101,AGUA NEGRA
4103,BAJO DE RACO
4105,ABRA DEL TAFI
4107,ACONQUIJA
4109,ALTO NUESTRA SEÑORA DEL VALLE
4111,AGUADA
4113,ACOSTILLA
4115,AGUA AZUL
4117,ALABAMA
4119,AGUA COLORADA
4122,ALIZAL
4124,ABRA EL CANDADO
4126,EL BRETE
4128,EL CARMEN
4129,CAÑADA
4132,AGUA AZUL
4133,LA BANDA
4134,ACHERAL
4135,CASPINCHANGO
4137,ABRA BAYA
4139,AGUA AMARILLA LA HOYADA
4141,FUERTE QUEMADO
4142,ALTO DE LEIVA
4143,INDEPENDENCIA
4144,AMBERES
4145,INGENIO LA PROVIDENCIA
4146,BARRIO BELGRANO
4147,ALTO LAS LECHUZAS
4149,ALPACHIRI
4151,BAJO DE LOS SUELDOS
4152,AGUILARES
4153,ALTO VERDE
4155,CEVIL GRANDE
4157,ARROYO MAL PASO
4158,CAMPO DE TALAMAYO
4159,ALTO EL PUESTO
4161,ALONGO
4162,BATIRUANA
4163,HUASA PAMPA NORTE
4164,BAJASTINE
4166,BALDERRAMA
4168,AGUA BLANCA
4172,BUENA VISTA
4174,AMPATA
4176,ALTO DEL PUESTO
4178,ABRA RICA
4182,CAMPO LA FLOR LOS RALOS
4184,BUSTAMANTE
4186,CAÑETE
4187,ANTA CHICA
4195,7 DE ABRIL
4230,BREA CHIMPANA
4231,ALBIGASTA
4234,ACHALCO
4235,ALBIGASTA
4237,CORTADERAS
4242,25 DE MAYO
4411,SEY
4413,CATUA
4431,AGUAS CALIENTES
4434,ANTA
4500,ALTO DEL SALADILLO
4501,ABRA DEL TRIGO
4503,ARRAYANAL
4504,23 DE AGOSTO
4506,ALEGRIA
4512,AGUA NEGRA
4513,ALTO CALILEGUA
4514,CALILEGUA
4516,CAIMANCITO
4518,AGUAS CALIENTES
4522,ALTO DEL SALADILLO
4542,EL PALMAR DE SAN FRANCISCO
4561,LA CHINACA
4600,ALGARROBAL
4601,CORRAL DE PIEDRAS
4603,CATAMONTAÑA
4605,ALISOS  DE ABAJO
4606,COLONIA LOS LAPACHOS
4608,ALTO VERDE
4612,CARAHUNCO
4616,BARCENA
4618,ABRA DE PIVES
4622,BELLA VISTA
4624,ABRA MAYO
4626,ANGOSTO DEL PERCHEL
4630,APARZO
4631,ANTIGUO
4632,ANTUMPA
4633,SAN PEDRO DE IRUYA
4634,ABRALAITE
4640,ABRA PAMPA
4641,ABDON CASTRO TOLAY
4643,ANTIGUYOS
4644,CANGREJILLOS
4648,BARRIO LA UNION
4650,ABRA DE PEÑAS
4651,AGUA DE CASTILLA
4653,CASIRA
4655,CABRERIA
4700,BANDA VARELA
4701,ACOSTILLA
4705,AGUADITA
4707,CHAÑARCITO
4709,SAN JOSE DE PIEDRA BLANCA
4711,AMBATO
4713,OCHO VADOS
4715,AGUA VERDE
4716,AMADORES
4718,BARRO NEGRO
4719,BALCOSNA
4722,EL DURAZNILLO
4723,ALIJILAN
4724,AGUA COLORADA
4726,CAPAYAN
4728,CHUMBICHA
4740,AGUA SALADA
4741,AGUA DE LAS PALOMAS
4743,ACONQUIJA
4750,AGUA COLORADA
4751,AGUA DE DIONISIO
4753,CORRALITO
5260,ACHERAL
5261,AGUA DEL SIMBOL
5263,EL MEDANO
5264,ANGELINA
5265,AGUA LOS MATOS
5266,CHICHAGASTA
5272,COMANDANTE LEAL
5274,ALTILLO DEL MEDIO
5275,AGUA COLORADA
5276,BALDES DE PACHECO
5300,AMILGANCHO
5301,AGUA BLANCA
5303,ANJULLON
5304,EL TALA
5306,CARRIZAL
5310,AIMOGASTA
5311,ARAUCO
5313,ESTACION MAZAN
5315,CALERA LA NORMA
5317,APOYACO
5319,COLPES
5321,EL POTRERO
5325,ALPASINCHE
5327,CAPIHUAS
5329,AMUSCHINA
5331,ANDALUCIA
5333,BANDA DE LUCERO
5340,AGUA GRANDE
5341,ANILLACO
5343,LAVALLE
5345,BAÑOS TERMALES
5350,EL MOLLE
5351,BANDA FLORIDA
5353,EL ZAPALLAR
5355,EL ALTILLO
5357,EL HORNO
5359,ALTO JAGUEL
5360,CHILECITO
5361,AICUÑA
5363,ANGUINAN
5365,EL JUMEAL
5367,CACHIYUYAL
5369,PAGANCILLO
5372,NONOGASTA
5374,CATINZACO
5380,CHAMICAL
5381,BELLA VISTA
5383,AGUA COLORADA
5384,PUNTA DE LOS LLANOS
5385,AGUADITA
5386,AMANA
5400,DESAMPARADOS
5401,BARRIO EL TONTAL
5403,BARRIALITOS
5405,AGUA Y ENERGIA
5407,DIQUE TOMA
5409,ADAN QUIROGA
5411,LA LEGUA
5413,APEADERO LAS CHIMBAS
5415,ANGACO NORTE
5417,9 DE JULIO
5419,BAÑOS DE LA LAJA
5421,LA TRANCA
5423,CAPITAN LAZO
5424,VILLA LERGA
5425,ALBARRACIN
5427,APEADERO QUIROGA
5429,EL ABANICO
5431,APEADERO GUANACACHE
5433,ESTACION LA RINCONADA
5435,ALGARROBO GRANDE
5436,COLONIA ZAPATA
5438,ALTO DE SIERRA
5439,BELGRANO
5442,AMBAS PUNTILLAS
5443,ALGARROBO VERDE
5444,AMPACAMA
5446,BALDE DE LEYES
5447,AGUA CERCADA
5449,AGUANGO
5460,AGUA DE LA ZORRA
5461,AGUADA DE LA PEÑA
5463,ALTO HUACO
5465,BAÑOS PISMANTA
5467,ACERILLOS
5470,ABRA VERDE
5471,AGUA BLANCA
5473,AGUAYO
5474,BARRANQUITAS
5475,AGUA DE LA PIEDRA
5500,CERRO ACONCAGUA
5501,CERRILLOS AL SUD
5503,PASO DE LOS ANDES
5505,CARBOMETAL
5507,BAÑOS LUNLUNTA
5509,AGRELO
5511,GENERAL GUTIERREZ
5513,BARRIO JARDIN LUZURIAGA
5515,MAIPU
5517,CESPEDES
5519,ALTO DE LAS ARAÑAS
5521,LOS CORREDORES
5523,BUENA NUEVA
5525,BUENA VISTA
5527,COLONIA SANTA TERESA
5529,COLONIA BOMBAL
5531,BARRIO FERRI
5533,9 DE JULIO
5535,ASUNCION
5537,ALGARROBITO
5539,ARENALES
5541,ALGARROBAL ABAJO
5543,3 DE MAYO
5544,GOBERNADOR BENEGAS
5545,AGUA DE DIAZ
5547,VILLA HIPODROMO
5549,AGUA DE LOS MANANTIALES
5551,ESTACION USPALLATA
5553,EMPALME FRONTERA
5555,PUENTE DEL INCA
5557,CARACOLES
5560,ARROYO CLARO
5561,ANCON
5563,AGUA AMARGA
5565,CAMPO DE LOS ANDES
5567,LA CAÑADA
5569,AGUADA
5570,ALTO DEL SALVADOR
5571,CHIVILCOY
5572,ALTO GRANDE
5573,COLONIA DELFINO
5575,ANDRADE
5577,EL ALTO
5579,BARRIO LENCINA
5582,ALBERTO FLORES
5584,BARRIO VILLA ADELA
5585,EL CIPRES
5587,BARCALA
5589,CHAPANAY
5590,ADRIAN MATURANO
5591,ALPATACAL
5592,EL CARBALINO
5594,ALTO CON ZAMPA
5595,CUPILES
5596,12 DE OCTUBRE
5598,BAÑADO VERDE
5600,AGUA DE LA MULA
5601,CAPITAN MONTOYA
5603,CAÑADA SECA
5605,CALLE LARGA VIEJA
5607,COLONIA BOMBAL Y TABANERA
5609,ARISTIDES VILLANUEVA
5611,AGUA RICA
5612,VALLE DE LAS LEÑAS
5613,AGUA BOTADA
5615,25 DE MAYO
5620,EL JUNCALITO
5621,AGUA DE TORRE
5622,COLONIA JAUREGUI
5623,ATUEL SUD
5624,KILOMETRO 47
5632,COLONIA ALVEAR
5633,OCHENTA Y CUATRO
5634,BOWEN
5636,FAVELLI
5637,30 DE OCTUBRE
5645,EL CENIZO
5700,ALTO BLANCO
5701,11 DE MAYO
5703,6 DE SEPTIEMBRE
5705,AGUA HEDIONDA
5707,AGUADITAS
5709,BAÑADITO VIEJO
5710,LA PUNTA
5711,ANGELITA
5713,BALDE AHUMADA
5715,ARBOL VERDE
5717,EL PIMPOLLO
5719,AGUA AMARGA
5721,AGUA SEBALLE
5722,ACASAPE
5724,ALTO PENCOSO
5730,20 DE FEBRERO
5731,ALFALAND
5733,CRAMER
5734,LA RIBERA
5735,COLONIA BELLA VISTA
5736,COMANDANTE GRANVILLE
5738,AVANZADA
5741,13 DE ENERO
5743,LA ISABEL
5750,ALTO DE LA LEÑA
5751,AGUA SALADA
5753,AGUA LINDA
5755,ALTO DEL MOLLE
5757,SAN LORENZO
5759,CALERA ARGENTINA
5763,GENERAL URQUIZA
5770,CHACRAS VIEJAS
5771,ALANICES
5773,CAÑADA
5775,BAJO GRANDE
5777,ADOLFO RODRIGUEZ SAA
5779,LA CHILCA
5831,9 DE JULIO
5835,BELLA VISTA
5871,LA AGUADA DE LAS ANIMAS
5873,ISLA
5881,CAÑADA LA NEGRA
5883,ALTO LINDO
6000,BARRIO CAROSIO
6001,AGUSTIN ROCA
6003,ASCENCION
6005,ESTACION GENERAL ARENALES
6007,ARRIBEÑOS
6009,SAN MARCELO
6013,BAIGORRITA
6015,CAMPO COLIQUEO
6017,CHANCAY
6018,COLONIA LOS BOSQUES
6022,LA ORIENTAL
6030,EDMUNDO PERKINS
6031,DE BRUYN
6032,BLANDENGUES
6034,COLONIA ALBERDI
6036,DIEGO DE ALVEAR
6042,DOS HERMANOS
6050,CUARTEL VII
6051,INGENIERO BALBIN
6053,EL PEREGRINO
6058,PAZOS KANKI
6062,CORONEL GRANADA
6063,PORVENIR
6064,EDUARDO COSTA
6065,BLAQUIER
6070,BALSA
6071,BERMUDEZ
6073,EL TRIUNFO
6075,ARENAZA
6077,ENCINA
6078,BAYAUCA
6100,LA INES
6101,VILLA SABOYA
6103,AMENABAR
6105,CAÑADA SECA
6106,AARON CASTELLANOS
6200,REALICO
6201,CHANILAO
6203,EL OLIVO
6205,EL GUANACO
6207,ALTA ITALIA
6212,ADOLFO VAN PRAET
6213,LOTE 11 ESCUELA 107
6214,CASIMIRO GOMEZ
6216,BAGUAL
6220,BERNARDO LARROUDE
6221,CEBALLOS
6223,CORONEL CHARLONE
6228,AGUAS BUENAS
6230,FRANCISCO CASAL
6231,CUENCA
6233,CONDARCO
6235,VILLA SAUCE
6237,AMERICA
6239,GONZALEZ MORENO
6241,EL DIA
6242,DRABBLE
6244,BANDERALO
6269,LA COLINA
6277,BUENA ESPERANZA
6279,BATAVIA
6300,BARRANCAS COLORADAS
6301,ATALIVA ROCA
6303,CACHIRULO
6305,ATREUCO
6307,COLONIA LA ORACION
6309,ALPACHIRI
6311,CAMPO DE LOS TOROS
6312,RICARDO LAVALLE
6313,BAJO DE LAS PALOMAS
6315,COLONIA BARON
6317,LA FLORENCIA
6319,CARRO QUEMADO
6321,CAICHUE
6323,ALGARROBO DEL AGUILA
6325,COLONIA DEVOTO
6326,ANGUIL
6330,ARTURO ALMARAZ
6331,COLONIA BEAUFORT
6333,ALFREDO PEÑA
6335,GRACIARENA
6337,INGENIERO THOMPSON
6338,LEUBUCO
6339,CAILOMUTA
6341,CHAPI TALO
6343,LOS GAUCHOS
6345,LA BILBAINA
6346,PELLEGRINI
6348,BOCAYUBA
6352,COLONIA LA INDIA
6354,COLONIA LA GAVIOTA
6360,BARRIO EL MOLINO
6361,AGUSTONI
6365,AZTEAZU
6367,ARGENTINA BELVEDERE
6369,CAMPO SALUSSO
6380,BOEUF
6381,CAMPO CARETTO
6383,CAMPO MOISES SECCION 1A
6385,ARATA
6387,CALEUFU
6389,ALEGRIA
6400,BARRIO INDIO TROMPA
6401,SUNDBLAD
6403,BADANO
6405,30 DE AGOSTO
6407,GIRODIAS
6409,JOSE MARIA BLANCO
6411,BRAVO DEL DOS
6417,CASBAS
6422,PRIMERA JUNTA
6424,BERUTI
6430,ADOLFO ALSINA
6431,ESTACION LAGO EPECUEN
6433,ARTURO VATTEONE
6434,PALANTELEN
6435,GUAMINI
6437,ALAMOS
6438,MASUREL
6439,BONIFACIO
6441,COLONIA BARON HIRSCH
6443,ARANO
6450,ABEL
6451,ANCON
6453,CARLOS SALAS
6455,CARLOS TEJEDOR
6457,INGENIERO BEAUGEY
6459,COLONIA SERE
6461,CAPITAN CASTRO
6463,ALAGON
6465,CORACEROS
6467,EL TRIO
6469,ASTURIAS
6471,ATAHUALPA
6472,FRANCISCO MADERO
6474,CAMPO ARISTIMUÑO
6475,ESTEBAN DE LUCA
6476,CHICLANA
6500,9 DE JULIO
6501,12 DE OCTUBRE
6503,DESVIO KILOMETRO 234
6505,DUDIGNAC
6507,CORBETT
6509,DEL VALLE
6511,HALE
6513,COLONIA LAS YESCAS
6515,CARLOS MARIA NAON
6516,AMALIA
6530,CARLOS CASARES
6531,ALGARROBO
6533,ALFREDO DEMARCHI
6535,BELLOCQ
6537,EL CAMOATI
6538,LA DORITA
6550,BOLIVAR
6551,JUAN F IBARRA
6553,LA TORRECITA
6555,ALFALAD
6557,ARBOLEDA
6559,RECALDE
6561,BLANCA GRANDE
6600,KILOMETRO 125
6601,ALTAMIRA
6603,INGENIERO WILLIAMS
6605,CAMPO PEÑA LOPEZ
6607,ANASAGASTI
6608,AGOTE
6612,CAPDEPONT
6614,FRANKLIN
6616,CASTILLA
6620,CHIVILCOY
6621,ANDERSON
6623,INDACOCHEA
6625,CAÑADA LA RICA
6627,ACHUPALLAS
6628,COLONIA ZAMBUNGO
6632,BENITEZ
6634,ALBERTI
6640,ASAMBLEA
6641,COMODORO PY
6643,ARAUJO
6645,LA LIMPIA
6646,COLONIA SAN EDUARDO
6648,MECHA
6651,INGENIERO DE MADRID
6652,OLASCOAGA
6660,25 DE MAYO
6661,BLAS DURAÑONA
6663,JUAN VELA
6665,ERNESTINA
6667,AGUSTIN MOSCONI
6700,CAMINERA LUJAN
6701,CARLOS KEEN
6703,ALASTUEY
6705,VILLA RUIZ
6706,EST JAUREGUI VA FLANDRIA
6708,COLONIA NAC DE ALIENADOS
6712,CORTINES
6720,KILOMETRO 125
6721,AZCUENAGA
6723,CUCULLU
6725,CARMEN DE ARECO
6727,GOUIN
6734,RAWSON
6740,CHACABUCO
6743,COLIQUEO
6746,CUCHA CUCHA
6748,MEMBRILLAR
7000,CANTERA AGUIRRE
7001,LA PASTORA
7003,ACEILAN
7005,BARKER
7007,CAMINERA NAPALEOFU
7009,IRAOLA
7011,ANEQUE GRANDE
7013,DE LA CANAL
7020,BENITO JUAREZ
7021,ALZAGA
7100,DOLORES
7101,CERRO DE LA GLORIA CANAL 15
7103,FARO SAN ANTONIO
7105,SAN CLEMENTE DEL TUYU
7106,LAS TONINAS
7107,SANTA TERESITA
7108,COSTA DEL ESTE
7109,BARRIO PEDRO ROCCO
7110,CUARTEL IV
7111,SAN BERNARDO DEL TUYU
7112,AGUAS VERDES
7113,LA LUCILA DEL MAR
7114,CANAL 15 CERRO DE LA GLORIA
7116,CAMARON CHICO
7118,GENERAL GUIDO
7119,CARI LARQUEA
7130,CAMINERA SAMBOROMBON
7135,COMANDANTE GIRIBONE
7136,ADELA
7150,AYACUCHO
7151,LANGUEYU
7153,CANGALLO
7160,LA UNION
7161,LABARDEN
7163,CLAVERIE
7165,FARO QUERANDI
7167,CARILO
7169,JUANCHO
7172,COLONIA FERRARI
7174,ARROYO GRANDE
7200,EL GUALICHO
7201,COLMAN
7203,CHAPALEUFU
7205,LA ESPERANZA ROSAS LAS FLORES
7207,EL TRIGO
7208,CORONEL BOERR
7212,DOCTOR DOMINGO HAROSTEGUY
7214,CACHARI
7220,FUNKE
7221,FRANCISCO BERRA
7223,BONNEMENT
7225,CASALINS
7226,GORCHS
7228,ABBOTT
7240,KILOMETRO 112
7241,LA PORTEÑA
7243,ANTONIO CARBONI
7245,CAMPO SABATE
7247,BARRIENTOS
7249,EL ARAZA
7260,BARRIO VILLA SALADILLO
7261,SALADILLO NORTE
7263,EL CHUMBEAU
7265,CAZON
7267,ALVAREZ DE TOLEDO
7300,AZUL
7301,ARIEL
7303,ALTONA
7305,ANTONIO DE LOS HEROS
7307,CROTTO
7311,CHILLAR
7313,16 DE JULIO
7316,FORTIN IRENE
7318,COLONIA HINOJO
7400,BARRIO LA LUISA
7401,CANTERAS DE GREGORINI
7403,ALVARO BARROS
7404,FORTIN LAVALLE
7406,ALDECON
7407,LIBANO
7408,LA COLINA
7412,LAS HERMANAS
7414,LAPRIDA
7500,EL CARRETERO
7501,INDIO RICO
7503,CRISTIANO MUERTO
7505,BALNEARIO CLAROMECO
7507,EL BOMBERO
7509,ORIENTE
7511,BALNEARIO OCEANO
7513,ADOLFO GONZALES CHAVES
7515,CLAUDIO C MOLINA
7517,JUAN E BARRA
7519,SAN MAYOL
7521,DEFERRARI
7530,CORONEL PRINGLES
7531,DESPEÑADEROS
7533,QUIÑIHUAL ESTACION
7535,PONTAUT
7536,ESTACION CORONEL PRINGLES
7540,BATHURST ESTACION
7541,D ORBIGNY
7543,LA PRIMAVERA
7545,HUANGUELEN
7547,CASCADA
7548,CURA MALAL
7600,BARRIO EMIR RAMON JUAREZ
7601,BARRIO BATAN
7603,COMANDANTE NICANOR OTAMENDI
7605,BARRIO CHAPADMALAL
7607,BALNEARIO ATLANTIDA
7609,BALNEARIO LA CALETA
7612,CAMET
7613,CALFUCURA
7620,BALCARCE
7621,LA SARA
7623,CAMPO LA PLATA
7630,HOSPITAL NECOCHEA
7631,COSTA BONITA BALNEARIO
7633,MAORI
7635,EL LENGUARAZ
7637,LA DULCE
7639,COOPER
7641,BALNEARIO LOS ANGELES
8000,ADELA CORTI
8101,CALDERON
8103,GARRO
8105,AGUARA
8107,BASE AERONAVAL CMTE ESPORA
8109,ALMIRANTE SOLIER
8111,ARROYO PAREJA
8113,BATERIAS
8115,BAJO HONDO
8117,ALFEREZ SAN MARTIN
8118,CABILDO
8122,LA VITICOLA
8124,BERRAONDO
8126,ALDEA SAN ANDRES
8127,ESTELA
8129,17 DE AGOSTO
8132,BALNEARIO CHAPALCO
8133,LA ROSA
8134,ARGERICH
8136,ALGARROBO
8138,ANZOATEGUI
8142,COLONIA BARGA
8144,COLONIA MONTE LA PLATA
8146,EL RINCON
8148,ESTANCIA LAS ISLETAS
8150,CAMPO LA LIMA
8151,EL ZORRO
8153,BALNEARIO ORIENTE
8154,CALVO
8156,EL PERDIDO EST JOSE GUISASOLA
8158,APARICIO
8160,FORTIN CHACO
8162,GARCIA DEL RIO
8164,ARQUEDAS
8166,SALDUNGARAY
8168,SIERRA DE LA VENTANA
8170,ABRA DE HINOJO
8171,ESPARTILLAR
8172,ARROYO CORTO
8174,ARROYO AGUAS BLANCAS
8175,GOYENA
8180,COLONIA DR GDOR UDAONDO
8181,AZOPARDO
8183,AVESTRUZ
8185,CAMPO DEL NORTE AMERICANO
8187,BORDENAVE
8200,COLONIA LIA Y ALLENDE
8201,25 DE MAYO
8203,LA CHIRLANDIA
8204,BERNASCONI
8206,COLONIA ESPAÑA
8208,CAMPO CICARE
8212,ABRAMO
8214,COLONIA CAZAUX
8300,LAS PERLAS
8301,PLANICIE BANDERITA
8303,CINCO SALTOS
8305,AGUADA SAN ROQUE
8307,COLONIA GOBERNADOR AYALA
8308,VILLA MANZANO
8309,CENTENARIO
8311,VILLA EL CHOCON
8313,ARROYITO
8315,ACHICO
8316,BALSA SENILLOSA
8318,CHALLACO
8319,CAMPAMENTO SOL
8322,CUTRAL CO
8324,CIPOLLETTI
8326,CERVANTES
8328,ALLEN
8332,COLONIA RUSA
8333,AGUADA GUZMAN
8334,INGENIERO HUERGO
8336,GOBERNADOR DUVAL
8340,AGUADA FLORENCIO
8341,ARROYO QUILLEN
8345,ALUMINE
8347,ARROYO CAHUNCO
8349,AGUAS DE LAS MULAS
8351,AGRIO BALSA
8353,AGUADA CHACAY CO
8360,BUENA ESPERANZA
8361,ISLA GRANDE
8363,COLONIA JOSEFA
8364,CHIMPAY
8366,CHELFORO
8370,CAMINERA
8371,ATREUCO
8373,ALIANZA
8375,CAÑADON DE LOS INDIOS
8379,GENTE GRANDE
8400,ISLA VICTORIA
8401,CULLIN MANZANO
8402,DINA HUAPI
8403,ALICURA
8407,CORRENTOSO
8409,PUERTO OJO DE AGUA
8411,CASCADA LOS CANTAROS
8412,CAÑADON DEL CORRAL
8415,ARROYO LAS MINAS
8416,ANECON GRANDE
8417,CAÑADON CHILENO
8418,ANECON CHICO
8422,AGUADA DE PIEDRA
8424,AGUADA DE GUERRA
8430,COSTA DEL RIO AZUL
8431,EL HOYO
8500,EL DIQUE
8501,BAHIA CREEK
8503,CHOCORI
8504,CANTERA VILLALONGA
8505,EMILIO LAMARCA
8506,BAHIA SAN BLAS
8508,AMBROSIO P LEZICA
8512,IGARZABAL
8514,LAGUNA DEL BARRO
8520,AGUADA DEL LORO
8521,ARROYO DE LA VENTANA
8532,ARROYO SALADO
8534,AGUADA CECILIO
8536,CHIPAUQUIL
9000,COMODORO RIVADAVIA
9001,CAÑADON FERRAIS
9003,BAHIA SOLANO
9007,EL JAGUEL
9009,CAÑADON LAGARTO
9011,BAHIA LANGARA
9013,CAÑADON SECO
9015,ALMA GRANDE
9017,CAMERON
9019,AGUADA ESCONDIDA
9020,ARROYO QUILLA
9021,COLHUE HUAPI
9023,BUEN PASTO
9030,RIO MAYO
9031,BAJO LA CANCHA
9033,ALDEA APELEG
9035,ARROYO CHALIA
9037,ALDEA BELEIRO
9039,HITO 45
9040,CAÑADON BOTELLO
9041,LOS ANTIGUOS
9050,GOBERNADOR MOYANO
9051,AGUADA A PIQUE
9053,AGUADA GRANDE
9100,CERRO SANTA ANA
9101,ALTO DE LAS PLUMAS
9103,BAJO DE LOS HUESOS
9105,ANGOSTURA
9107,28 DE JULIO
9111,BAHIA BUSTAMANTE
9113,FLORENTINO AMEGHINO
9120,BAHIA CRACHER
9121,AGUADA DE LAS TEJAS
9200,ARROYO PESCADO
9201,CACHEL
9203,ALDEA ESCOLAR
9207,ARROYO GUILAIA
9210,CUESTA DEL TERNERO
9211,CUSHAMEN
9213,CAÑADON CALIENTE
9217,CHOLILA
9220,CAÑADON LA MADERA
9221,VALLE HONDO
9223,ALTO RIO PICO
9225,ARENOSO
9227,EL PORVENIR
9300,CAÑADON DE LAS VACAS
9301,EL CHALTEN
9303,CAÑADON DEL TORO
9305,CAÑADA DE LAS VACAS
9310,AGUADA ALEGRE
9311,CAÑADON LEON
9313,CARA MALA
9315,BAJO CARACOLES
9400,AN AIKE
9401,EL ZURDO
9405,BAHIA TRANQUILA
9407,28 DE NOVIEMBRE
9409,ISLA GRAN MALVINA
9410,BAHIA LAPATAIA
9411,BASE AEREA TENIENTE MATIENZO
9420,ASERRADERO ARROYO
9421,FRIGORIFICO CAP
