,views,id,title
0,33344,28625,What's the joke in the Stack Overflow 404 page code?
1,28372,37328,My Godâ€”it's full of unicorns!
2,26601,31913,Open Source Advertising - Sidebar - 1H 2010
3,20536,9134,Jon Skeet Facts?
4,19695,1777,"What HTML tags are allowed on Stack Overflow, Server Fault, and Super User?"
5,15180,2267,Stack Overflow Clones?
6,12584,7931,"FAQ for Stack Overflow, Server Fault, and Super User"
7,9918,61142,About your f***ing website.
8,8903,20420,Countdown app for DevDays
9,8619,53346,Open Source Advertising - Sidebar - 2H 2010
